epoch,time,train/box_loss,train/cls_loss,train/dfl_loss,train/angle_loss,metrics/precision(B),metrics/recall(B),metrics/mAP50(B),metrics/mAP50-95(B),val/box_loss,val/cls_loss,val/dfl_loss,val/angle_loss,lr/pg0,lr/pg1,lr/pg2
1,8.03749,1.9855,3.9465,0.02418,0.14989,0,0,0,0,2.05121,4.11667,0.0404,0.0166,0.000197143,0.000197143,0.0804829
2,15.1618,1.75184,2.38742,0.02184,0.10965,0.39744,0.52542,0.30745,0.20703,1.12672,2.44421,0.01774,0.00517,0.000397119,0.000397119,0.0606828
3,21.9832,1.63194,2.07665,0.02058,0.09475,0.51938,0.6228,0.56388,0.35493,1.2672,1.44231,0.01884,0.00537,0.000596997,0.000596997,0.0408827
4,28.6813,1.60604,1.83086,0.01985,0.09741,0.47636,0.71186,0.5383,0.35944,1.23112,1.25332,0.02011,0.00637,0.000796705,0.000796705,0.0210824
5,35.3332,1.5288,1.69044,0.02062,0.08551,0.46264,0.77966,0.57702,0.37833,1.24972,1.18162,0.0181,0.00665,0.000996169,0.000996169,0.00128188
6,42.1271,1.54525,1.55886,0.01943,0.09181,0.51884,0.83051,0.61677,0.43558,1.15502,1.03428,0.01572,0.04245,0.000998474,0.000998474,0.000998474
7,48.8271,1.51045,1.5031,0.02006,0.08749,0.59703,0.83051,0.71075,0.48726,1.21351,1.07017,0.01763,0.01773,0.000997803,0.000997803,0.000997803
8,55.3245,1.50279,1.43086,0.01921,0.08214,0.67605,0.72881,0.77948,0.57261,1.03275,0.95297,0.01395,0.00555,0.000997011,0.000997011,0.000997011
9,61.914,1.49516,1.35011,0.01877,0.08295,0.76322,0.81356,0.85205,0.59727,1.13231,0.75557,0.01523,0.00586,0.000996097,0.000996097,0.000996097
10,68.8925,1.4759,1.32684,0.02023,0.08224,0.81126,0.84746,0.88163,0.61171,1.16895,0.68116,0.01883,0.00238,0.000995062,0.000995062,0.000995062
11,74.9842,1.40973,1.22746,0.01756,0.08442,0.88839,0.8095,0.91214,0.62745,1.19074,0.63916,0.01948,0.00798,0.000993906,0.000993906,0.000993906
12,81.6199,1.4268,1.16068,0.01829,0.07843,0.83256,0.9322,0.91996,0.61271,1.27394,0.70051,0.0212,0.00324,0.000992629,0.000992629,0.000992629
13,88.3049,1.41909,1.18017,0.018,0.07777,0.8696,0.86441,0.93473,0.71394,0.9196,0.5523,0.01387,0.0084,0.000991232,0.000991232,0.000991232
14,95.0052,1.36479,1.11974,0.017,0.07371,0.89735,0.91525,0.95424,0.76415,0.86606,0.5558,0.01127,0.01186,0.000989715,0.000989715,0.000989715
15,101.861,1.38492,1.12349,0.01785,0.08258,0.86467,0.91525,0.93914,0.7436,0.85507,0.51972,0.0125,0.00313,0.000988079,0.000988079,0.000988079
16,108.421,1.39465,1.08696,0.01533,0.07769,0.84122,0.9322,0.94643,0.73971,0.87984,0.64233,0.01254,0.00537,0.000986323,0.000986323,0.000986323
17,115.275,1.33085,1.03852,0.01538,0.07543,0.92876,0.89831,0.96543,0.70514,1.05681,0.49241,0.01563,0.01062,0.000984449,0.000984449,0.000984449
18,122.028,1.44586,1.1138,0.016,0.07944,0.90335,0.91525,0.96533,0.70481,1.05837,0.53721,0.01536,0.00305,0.000982456,0.000982456,0.000982456
19,128.982,1.3842,1.0927,0.01634,0.08034,0.91747,0.9422,0.96279,0.68075,1.12572,0.5022,0.01699,0.00262,0.000980345,0.000980345,0.000980345
20,135.708,1.35489,0.94496,0.01608,0.07715,0.956,0.89831,0.96336,0.74311,0.91914,0.49069,0.01263,0.00541,0.000978118,0.000978118,0.000978118
21,142.248,1.35471,1.0529,0.01501,0.07453,0.90494,0.91525,0.95778,0.73054,0.97831,0.46905,0.01353,0.00313,0.000975773,0.000975773,0.000975773
22,148.784,1.34232,1.00189,0.01554,0.07734,0.97533,0.91525,0.97239,0.7729,0.83882,0.38635,0.01072,0.00523,0.000973312,0.000973312,0.000973312
23,155.323,1.3747,1.00174,0.01571,0.07439,0.92402,0.89831,0.9684,0.72079,0.98576,0.46493,0.01337,0.00943,0.000970736,0.000970736,0.000970736
24,161.806,1.36471,0.98287,0.01629,0.07921,0.86592,0.91525,0.95746,0.72224,0.96321,0.48625,0.01544,0.00289,0.000968045,0.000968045,0.000968045
25,168.463,1.33541,0.9912,0.01695,0.07286,0.92595,0.94915,0.98122,0.69451,1.13847,0.41612,0.01768,0.00676,0.000965239,0.000965239,0.000965239
26,175.444,1.34575,0.97634,0.01717,0.08293,0.93229,0.93344,0.98238,0.76298,0.84492,0.38294,0.01066,0.00361,0.00096232,0.00096232,0.00096232
27,182.768,1.31193,0.94632,0.01599,0.08014,0.92066,0.91525,0.9754,0.71144,1.04692,0.46738,0.01555,0.00643,0.000959289,0.000959289,0.000959289
28,189.726,1.33398,0.98986,0.01661,0.08295,0.90334,0.95038,0.96553,0.71607,1.04104,0.49649,0.01541,0.00218,0.000956145,0.000956145,0.000956145
29,196.527,1.33066,0.89646,0.01605,0.08187,0.9574,0.91525,0.97647,0.69571,1.12384,0.43529,0.0171,0.00313,0.000952889,0.000952889,0.000952889
30,203.075,1.29477,0.91532,0.01602,0.08042,0.86323,0.91525,0.94664,0.68367,1.07816,0.54248,0.01554,0.0034,0.000949524,0.000949524,0.000949524
31,209.677,1.28785,0.87036,0.01646,0.0715,0.94603,0.9661,0.9665,0.71138,0.97804,0.42215,0.01499,0.00229,0.000946048,0.000946048,0.000946048
32,216.263,1.29957,0.92558,0.01658,0.07406,0.91524,0.94915,0.96309,0.72334,0.98007,0.42294,0.0148,0.00232,0.000942464,0.000942464,0.000942464
33,222.795,1.29325,0.8683,0.0156,0.07686,0.9456,0.94915,0.97341,0.71808,1.02838,0.41702,0.01432,0.0056,0.000938772,0.000938772,0.000938772
34,229.307,1.25516,0.83772,0.01561,0.07176,0.93255,0.9661,0.9675,0.72288,0.97306,0.40974,0.01467,0.00134,0.000934973,0.000934973,0.000934973
35,235.849,1.287,0.85444,0.01577,0.07355,0.85867,0.9661,0.95572,0.76055,0.8033,0.45518,0.01079,0.00428,0.000931067,0.000931067,0.000931067
36,242.429,1.30963,0.89905,0.01507,0.07174,0.97737,0.89831,0.97517,0.77792,0.80828,0.37977,0.01201,0.00162,0.000927057,0.000927057,0.000927057
37,249.1,1.2783,0.86028,0.01576,0.07122,0.96336,0.89123,0.97217,0.73245,1.00862,0.42191,0.01452,0.00255,0.000922942,0.000922942,0.000922942
38,255.669,1.316,0.8748,0.01512,0.07425,0.92082,0.9661,0.97627,0.71415,1.05889,0.4208,0.01421,0.00686,0.000918725,0.000918725,0.000918725
39,262.207,1.29769,0.8969,0.01532,0.07796,0.96529,0.94266,0.97817,0.74822,0.95899,0.40655,0.01478,0.00341,0.000914405,0.000914405,0.000914405
40,268.856,1.30293,0.88147,0.01472,0.07035,0.94993,0.96469,0.98046,0.73662,1.02542,0.44721,0.01555,0.00351,0.000909984,0.000909984,0.000909984
41,275.375,1.27385,0.87894,0.01428,0.07391,0.96109,0.94915,0.96827,0.76577,0.82739,0.34399,0.01108,0.00508,0.000905463,0.000905463,0.000905463
42,282.125,1.26142,0.79667,0.01509,0.0737,0.90242,0.94052,0.9749,0.71754,1.07078,0.45355,0.01675,0.00394,0.000900844,0.000900844,0.000900844
43,289.15,1.24863,0.84269,0.01493,0.06246,0.91398,0.94915,0.97233,0.67324,1.15995,0.50633,0.01401,0.0084,0.000896127,0.000896127,0.000896127
44,295.711,1.2292,0.79721,0.01394,0.0685,0.91784,0.94675,0.9741,0.73384,1.03554,0.40453,0.01532,0.0028,0.000891313,0.000891313,0.000891313
45,302.61,1.26938,0.83635,0.0154,0.07287,0.98121,0.94915,0.97919,0.74277,0.96289,0.36684,0.01468,0.00249,0.000886404,0.000886404,0.000886404
46,308.933,1.292,0.82289,0.01446,0.07563,0.93247,0.9322,0.96556,0.6844,1.13891,0.43185,0.01611,0.00374,0.000881401,0.000881401,0.000881401
47,315.607,1.26676,0.83033,0.0149,0.07499,0.90596,0.97979,0.9742,0.75572,0.86619,0.37319,0.01373,0.00752,0.000876305,0.000876305,0.000876305
48,322.334,1.26511,0.80849,0.01451,0.07174,0.96598,0.96247,0.98215,0.77637,0.8083,0.3384,0.01145,0.003,0.000871117,0.000871117,0.000871117
49,329.143,1.30011,0.82108,0.01562,0.07699,0.98101,0.9661,0.98221,0.70904,1.07023,0.36739,0.0161,0.00525,0.000865839,0.000865839,0.000865839
50,335.853,1.26893,0.82337,0.01423,0.07217,0.96468,0.92605,0.97832,0.7126,1.06713,0.39496,0.01768,0.00796,0.000860473,0.000860473,0.000860473
51,342.362,1.2246,0.77872,0.01408,0.06907,0.97247,0.94915,0.98192,0.72253,1.02246,0.3638,0.01498,0.00167,0.000855018,0.000855018,0.000855018
52,348.853,1.2706,0.80487,0.01433,0.07441,0.9179,0.9661,0.97422,0.73671,0.99782,0.40947,0.01692,0.00339,0.000849477,0.000849477,0.000849477
53,355.375,1.27319,0.79703,0.01606,0.07737,0.96441,0.98305,0.98854,0.69873,1.15891,0.37224,0.01629,0.01355,0.000843851,0.000843851,0.000843851
54,361.852,1.31186,0.83194,0.01558,0.06935,0.93157,0.9661,0.97955,0.77759,0.85291,0.32546,0.01201,0.003,0.000838141,0.000838141,0.000838141
55,368.464,1.26253,0.81648,0.0142,0.07488,0.97654,0.94915,0.98986,0.77987,0.88041,0.32371,0.01307,0.00273,0.000832349,0.000832349,0.000832349
56,374.988,1.25537,0.77616,0.01471,0.07158,1,0.92554,0.98822,0.6751,1.24269,0.38971,0.01955,0.0048,0.000826477,0.000826477,0.000826477
57,381.551,1.24211,0.77721,0.01422,0.07043,0.96703,0.99445,0.99315,0.75063,0.95283,0.29437,0.01496,0.00502,0.000820525,0.000820525,0.000820525
58,388.167,1.25958,0.75228,0.01371,0.06683,0.96077,0.9322,0.97994,0.75294,0.95502,0.38928,0.01265,0.00368,0.000814495,0.000814495,0.000814495
59,394.668,1.24797,0.76958,0.01457,0.06814,0.96609,0.96579,0.98482,0.78048,0.85251,0.32706,0.01224,0.00366,0.000808389,0.000808389,0.000808389
60,401.217,1.21411,0.74618,0.01336,0.07095,0.98036,0.84593,0.97239,0.73051,1.00481,0.42141,0.01283,0.00678,0.000802208,0.000802208,0.000802208
61,407.762,1.29917,0.83407,0.01454,0.07693,0.9661,0.96607,0.98256,0.76977,0.90001,0.36396,0.0127,0.00241,0.000795954,0.000795954,0.000795954
62,414.297,1.23696,0.7586,0.01415,0.06469,0.94868,0.94001,0.974,0.78903,0.82786,0.36492,0.01275,0.00384,0.000789628,0.000789628,0.000789628
63,421.029,1.23734,0.80456,0.01496,0.07017,0.98011,0.94915,0.98723,0.77817,0.85606,0.31159,0.01171,0.00243,0.000783231,0.000783231,0.000783231
64,427.536,1.23328,0.77579,0.01353,0.07429,0.96496,0.9661,0.98563,0.69422,1.11885,0.38288,0.01704,0.00626,0.000776766,0.000776766,0.000776766
65,434.007,1.1911,0.72081,0.01386,0.06478,0.95067,0.9799,0.98913,0.79237,0.80845,0.29352,0.01084,0.00367,0.000770234,0.000770234,0.000770234
66,440.488,1.23946,0.76166,0.01413,0.07173,0.93504,0.94915,0.96692,0.77082,0.84491,0.38642,0.01229,0.00209,0.000763637,0.000763637,0.000763637
67,446.99,1.22651,0.75867,0.01372,0.06652,0.91453,0.9661,0.97424,0.74557,0.93994,0.371,0.01397,0.00604,0.000756976,0.000756976,0.000756976
68,453.575,1.17581,0.72384,0.01327,0.06638,0.92108,0.9661,0.98294,0.72862,1.00164,0.36898,0.01657,0.00169,0.000750252,0.000750252,0.000750252
69,460.137,1.21935,0.77471,0.01395,0.06942,0.94996,0.96532,0.97808,0.73451,1.00796,0.39383,0.01609,0.00325,0.000743468,0.000743468,0.000743468
70,466.631,1.21197,0.7223,0.01287,0.07418,0.98014,0.98305,0.98178,0.76548,0.87388,0.31635,0.01155,0.00192,0.000736625,0.000736625,0.000736625
71,473.095,1.20054,0.76069,0.01364,0.06908,0.91851,0.9661,0.96188,0.77755,0.82773,0.39951,0.01232,0.00429,0.000729725,0.000729725,0.000729725
72,479.67,1.18975,0.74969,0.01324,0.06705,0.96156,0.94915,0.97861,0.7472,0.9302,0.42221,0.01233,0.00208,0.00072277,0.00072277,0.00072277
73,486.195,1.18242,0.72463,0.01302,0.0698,0.98203,0.9262,0.9754,0.74801,0.93944,0.38538,0.01251,0.00396,0.000715761,0.000715761,0.000715761
74,493.018,1.2051,0.78241,0.01328,0.07087,0.94954,0.95685,0.97406,0.72885,1.0049,0.3795,0.01604,0.00211,0.0007087,0.0007087,0.0007087
75,499.584,1.24723,0.7449,0.0138,0.07217,0.93822,0.98305,0.98624,0.76576,0.88674,0.32729,0.01175,0.00239,0.000701588,0.000701588,0.000701588
76,506.261,1.18691,0.70943,0.01284,0.0662,0.93542,0.98305,0.97982,0.72398,0.99971,0.36517,0.01418,0.00364,0.000694428,0.000694428,0.000694428
77,512.768,1.16196,0.7016,0.01412,0.0653,0.96377,0.98305,0.9907,0.71899,1.06605,0.34758,0.01498,0.00445,0.000687222,0.000687222,0.000687222
78,519.283,1.16829,0.71131,0.01315,0.06965,0.98112,0.9661,0.9829,0.77799,0.85425,0.30829,0.01192,0.00468,0.00067997,0.00067997,0.00067997
79,525.789,1.20146,0.68386,0.01393,0.07457,0.94584,0.9661,0.98669,0.76342,0.92722,0.35886,0.01309,0.00212,0.000672675,0.000672675,0.000672675
80,532.294,1.19651,0.70692,0.01362,0.06878,0.97756,0.94915,0.98913,0.76769,0.89672,0.33657,0.01307,0.00249,0.000665339,0.000665339,0.000665339
81,538.95,1.17836,0.73061,0.01336,0.06336,0.98051,0.9661,0.99146,0.79223,0.79882,0.28295,0.01119,0.00237,0.000657963,0.000657963,0.000657963
82,545.459,1.19549,0.71339,0.01299,0.06461,0.98297,0.97818,0.99219,0.76435,0.92021,0.29535,0.01253,0.00467,0.00065055,0.00065055,0.00065055
83,551.963,1.16999,0.67828,0.01369,0.06638,0.91671,0.9661,0.98131,0.7426,0.95988,0.37783,0.01285,0.00264,0.000643101,0.000643101,0.000643101
84,558.44,1.19934,0.72268,0.01382,0.06719,0.95577,0.91525,0.97824,0.7546,0.91861,0.36664,0.0125,0.00464,0.000635617,0.000635617,0.000635617
85,564.972,1.17819,0.68416,0.01334,0.06646,0.9319,0.92787,0.96967,0.713,1.00821,0.42084,0.01319,0.0019,0.000628101,0.000628101,0.000628101
86,571.538,1.17715,0.68212,0.01289,0.06411,0.93428,0.9638,0.97961,0.75161,0.91369,0.39044,0.01299,0.00261,0.000620555,0.000620555,0.000620555
87,578.043,1.1918,0.69057,0.01292,0.06869,0.92865,0.9661,0.96778,0.70489,1.1012,0.41586,0.01472,0.00222,0.000612981,0.000612981,0.000612981
88,584.527,1.17298,0.71931,0.01359,0.06886,0.95721,0.98305,0.982,0.73235,1.03027,0.35137,0.01514,0.00266,0.00060538,0.00060538,0.00060538
89,591.055,1.18216,0.7364,0.01463,0.07225,0.95869,0.94915,0.98528,0.71771,1.04088,0.38076,0.01428,0.00629,0.000597754,0.000597754,0.000597754
90,597.618,1.18718,0.70714,0.01433,0.06264,0.95916,0.9661,0.9893,0.77897,0.83694,0.30098,0.01173,0.00236,0.000590105,0.000590105,0.000590105
